<?xml version="1.0" encoding="UTF-8" standalone="yes"?>
<addon id="plugin.video.padel99"
	name="Padel 99"
	version="1.3"
	provider-name="LASER">
  <requires>
    <import addon="script.module.six" />
    <import addon="plugin.video.youtube" version="5.0.0"/>
  </requires>
  <extension point="xbmc.python.pluginsource" library="default.py">
    <provides>video</provides>
  </extension>
  <extension point="xbmc.addon.metadata">
    <summary lang="es">PADEL 99</summary>
    <description lang="es">Para los fans del PADEL</description>
    <platform>all</platform>
    <license>GPL v2.0</license>
    <assets>
        <icon>icon.png</icon>
        <fanart>fanart.jpg</fanart>
    </assets>
    </extension>
</addon>